,Date,Status,TT,AN,AP,AR,AS,BR,CH,CT,DN,DD,DL,GA,GJ,HR,HP,JK,JH,KA,KL,LA,LD,MP,MH,MN,ML,MZ,NL,OR,PY,PB,RJ,SK,TN,TG,TR,UP,UT,WB,UN
240,14-03-2020,Deceased,2,0,0,0,0,0,0,0,0,0,1,0,0,0,0,0,0,1,0,0,0,0,0,0,0,0,0,0,0,0,0,0,0,0,0,0,0,0,0
241,15-03-2020,Deceased,0,0,0,0,0,0,0,0,0,0,0,0,0,0,0,0,0,0,0,0,0,0,0,0,0,0,0,0,0,0,0,0,0,0,0,0,0,0,0
242,16-03-2020,Deceased,0,0,0,0,0,0,0,0,0,0,0,0,0,0,0,0,0,0,0,0,0,0,0,0,0,0,0,0,0,0,0,0,0,0,0,0,0,0,0
243,17-03-2020,Deceased,1,0,0,0,0,0,0,0,0,0,0,0,0,0,0,0,0,0,0,0,0,0,1,0,0,0,0,0,0,0,0,0,0,0,0,0,0,0,0
244,18-03-2020,Deceased,0,0,0,0,0,0,0,0,0,0,0,0,0,0,0,0,0,0,0,0,0,0,0,0,0,0,0,0,0,0,0,0,0,0,0,0,0,0,0
245,19-03-2020,Deceased,1,0,0,0,0,0,0,0,0,0,0,0,0,0,0,0,0,0,0,0,0,0,0,0,0,0,0,0,0,1,0,0,0,0,0,0,0,0,0
246,20-03-2020,Deceased,0,0,0,0,0,0,0,0,0,0,0,0,0,0,0,0,0,0,0,0,0,0,0,0,0,0,0,0,0,0,0,0,0,0,0,0,0,0,0
247,21-03-2020,Deceased,0,0,0,0,0,0,0,0,0,0,0,0,0,0,0,0,0,0,0,0,0,0,0,0,0,0,0,0,0,0,0,0,0,0,0,0,0,0,0
248,22-03-2020,Deceased,3,0,0,0,0,1,0,0,0,0,0,0,1,0,0,0,0,0,0,0,0,0,1,0,0,0,0,0,0,0,0,0,0,0,0,0,0,0,0
249,23-03-2020,Deceased,2,0,0,0,0,0,0,0,0,0,0,0,0,0,1,0,0,0,0,0,0,0,0,0,0,0,0,0,0,0,0,0,0,0,0,0,0,1,0
250,24-03-2020,Deceased,1,0,0,0,0,0,0,0,0,0,0,0,0,0,0,0,0,0,0,0,0,0,0,0,0,0,0,0,0,0,0,0,1,0,0,0,0,0,0
251,25-03-2020,Deceased,1,0,0,0,0,0,0,0,0,0,0,0,0,0,0,0,0,0,0,0,0,1,0,0,0,0,0,0,0,0,0,0,0,0,0,0,0,0,0
252,26-03-2020,Deceased,5,0,0,0,0,0,0,0,0,0,0,0,2,0,0,1,0,1,0,0,0,0,1,0,0,0,0,0,0,0,0,0,0,0,0,0,0,0,0
253,27-03-2020,Deceased,3,0,0,0,0,0,0,0,0,0,0,0,0,0,0,0,0,1,0,0,0,1,1,0,0,0,0,0,0,0,0,0,0,0,0,0,0,0,0
254,28-03-2020,Deceased,5,0,0,0,0,0,0,0,0,0,0,0,1,0,0,0,0,0,1,0,0,0,2,0,0,0,0,0,0,0,0,0,0,1,0,0,0,0,0
255,29-03-2020,Deceased,3,0,0,0,0,0,0,0,0,0,1,0,1,0,0,0,0,0,0,0,0,0,1,0,0,0,0,0,0,0,0,0,0,0,0,0,0,0,0
256,30-03-2020,Deceased,13,0,0,0,0,0,0,0,0,0,0,0,1,0,0,0,0,0,0,0,0,2,2,0,0,0,0,0,0,2,0,0,0,5,0,0,0,1,0
257,31-03-2020,Deceased,6,0,0,0,0,0,0,0,0,0,0,0,0,0,0,1,0,0,1,0,0,1,1,0,0,0,0,0,0,1,0,0,0,0,0,0,0,1,0
258,01-04-2020,Deceased,9,0,0,0,0,0,0,0,0,0,0,0,0,0,0,0,0,0,0,0,0,1,3,0,0,0,0,0,0,0,0,0,0,3,0,2,0,0,0
259,02-04-2020,Deceased,14,0,0,0,0,0,0,0,0,0,2,0,1,0,0,0,0,0,0,0,0,2,8,0,0,0,0,0,0,1,0,0,0,0,0,0,0,0,0
260,03-04-2020,Deceased,14,0,1,0,0,0,0,0,0,0,2,0,2,0,1,0,0,1,0,0,0,0,5,0,0,0,0,0,0,0,0,0,0,2,0,0,0,0,0
261,04-04-2020,Deceased,13,0,0,0,0,0,0,0,0,0,0,0,1,0,0,0,0,0,0,0,0,3,6,0,0,0,0,0,0,0,1,0,2,0,0,0,0,0,0
262,05-04-2020,Deceased,22,0,0,0,0,0,0,0,0,0,1,0,1,0,0,0,0,0,0,0,0,2,13,0,0,0,0,0,0,2,0,0,2,0,0,1,0,0,0
263,06-04-2020,Deceased,16,0,2,0,0,0,0,0,0,0,0,0,1,2,0,0,0,0,0,0,0,2,7,0,0,0,0,0,0,0,1,0,1,0,0,0,0,0,0
264,07-04-2020,Deceased,27,0,1,0,0,0,0,0,0,0,2,0,2,0,0,1,0,0,0,0,0,6,12,0,0,0,0,1,0,1,0,0,1,0,0,0,0,0,0
265,08-04-2020,Deceased,20,0,0,0,0,0,0,0,0,0,0,0,2,0,0,0,0,1,0,0,0,3,8,0,0,0,0,0,0,1,1,0,1,0,0,1,0,2,0
266,09-04-2020,Deceased,46,0,2,0,0,0,0,0,0,0,3,0,2,0,0,1,1,1,0,0,0,9,25,0,0,0,0,0,0,1,0,0,0,1,0,0,0,0,0
267,10-04-2020,Deceased,22,0,0,0,1,0,0,0,0,0,2,0,1,0,0,0,0,0,0,0,0,4,12,0,0,0,0,0,0,1,0,0,1,0,0,0,0,0,0
268,11-04-2020,Deceased,40,0,0,0,0,0,0,0,0,0,5,0,3,0,0,0,0,0,1,0,0,4,17,0,0,0,0,0,0,1,6,0,1,2,0,1,0,0,0
269,12-04-2020,Deceased,42,0,1,0,0,0,0,0,0,0,5,0,2,1,0,0,1,0,0,0,0,3,22,0,0,0,0,0,0,0,2,0,1,2,0,0,0,2,0
270,13-04-2020,Deceased,27,0,0,0,0,0,0,0,0,0,4,0,2,0,0,0,0,2,0,0,0,7,11,0,0,0,0,0,0,0,0,0,0,1,0,0,0,0,0
271,14-04-2020,Deceased,37,0,4,0,0,0,0,0,0,0,2,0,2,0,0,0,0,2,0,0,0,3,18,0,0,0,0,0,0,1,0,0,1,1,0,3,0,0,0
272,15-04-2020,Deceased,27,0,3,0,0,0,0,0,0,0,2,0,5,0,0,0,0,2,0,0,0,0,9,0,1,0,0,0,0,0,0,0,2,0,0,3,0,0,0
273,16-04-2020,Deceased,26,0,0,0,0,0,0,0,0,0,6,0,3,0,0,0,0,1,0,0,0,2,7,0,0,0,0,0,0,1,0,0,1,0,0,2,0,3,0
274,17-04-2020,Deceased,38,0,0,0,0,0,0,0,0,0,4,0,5,0,0,1,0,0,0,0,0,14,7,0,0,0,0,0,0,0,6,0,0,0,0,1,0,0,0
275,18-04-2020,Deceased,35,0,2,0,0,1,0,0,0,0,1,0,12,0,0,0,0,1,0,0,0,0,10,0,0,0,0,0,0,2,4,0,0,0,0,0,0,2,0
276,19-04-2020,Deceased,38,0,1,0,0,0,0,0,0,0,2,0,10,0,0,0,0,2,0,0,0,3,12,0,0,0,0,0,0,0,2,0,0,3,0,3,0,0,0
277,20-04-2020,Deceased,33,0,3,0,0,0,0,0,0,0,2,0,8,0,0,0,0,0,0,0,0,4,9,0,0,0,0,0,0,0,2,0,2,2,0,1,0,0,0
278,21-04-2020,Deceased,53,0,2,0,0,0,0,0,0,0,0,0,19,0,0,0,0,1,0,0,0,4,19,0,0,0,0,0,0,0,1,0,1,0,0,3,0,3,0
279,22-04-2020,Deceased,36,0,2,0,0,0,0,0,0,0,1,0,13,0,0,0,0,0,0,0,0,0,18,0,0,0,0,0,0,0,1,0,0,1,0,0,0,0,0
280,23-04-2020,Deceased,40,0,3,0,0,0,0,0,0,0,2,0,9,0,0,0,1,0,0,0,0,3,14,0,0,0,0,0,0,1,1,0,2,1,0,3,0,0,0
281,24-04-2020,Deceased,59,0,2,0,0,0,0,0,0,0,3,0,15,0,0,0,0,1,1,0,0,9,18,0,0,0,0,0,0,0,4,0,2,0,0,1,0,3,0
282,25-04-2020,Deceased,44,0,2,0,0,0,0,0,0,0,1,0,6,0,0,1,0,0,0,0,0,7,22,0,0,0,0,0,0,0,2,0,1,0,0,2,0,0,0
283,26-04-2020,Deceased,56,0,0,0,0,0,0,0,0,0,0,0,18,0,0,0,0,1,0,0,0,4,19,0,0,0,0,0,0,1,7,0,1,0,0,3,0,2,0
284,27-04-2020,Deceased,58,0,0,0,0,0,0,0,0,0,0,0,11,0,0,1,0,1,0,0,0,7,27,0,0,0,0,0,0,1,9,0,0,0,0,1,0,0,0
285,28-04-2020,Deceased,69,0,0,0,0,0,0,0,0,0,0,0,19,0,0,1,0,0,0,0,0,10,31,0,0,0,0,0,0,0,2,0,1,0,0,3,0,2,0
286,29-04-2020,Deceased,71,0,0,0,0,0,0,0,0,0,2,0,16,0,0,0,0,1,0,0,0,10,32,0,0,0,0,0,0,0,3,0,2,0,0,5,0,0,0
287,30-04-2020,Deceased,75,0,0,0,0,0,0,0,0,0,3,0,17,1,0,0,0,1,0,0,0,7,27,0,0,0,0,0,0,1,3,0,0,3,0,1,0,11,0
288,01-05-2020,Deceased,77,0,2,0,0,1,0,0,0,0,2,0,22,0,0,0,0,0,0,0,0,8,26,0,0,0,0,0,0,0,4,0,1,0,0,2,1,8,0
289,02-05-2020,Deceased,92,0,0,0,0,1,0,0,0,0,3,0,26,1,0,0,0,3,0,0,0,6,36,0,0,0,0,0,0,0,6,0,1,1,0,1,0,7,0
290,03-05-2020,Deceased,140,0,0,0,0,0,1,0,0,0,0,0,28,0,0,0,0,0,0,0,0,5,27,0,0,0,0,0,0,1,3,0,1,0,0,0,0,74,0
291,04-05-2020,Deceased,103,0,0,0,0,0,0,0,0,0,0,0,29,1,0,0,0,2,0,0,0,9,35,0,0,0,0,0,0,2,6,0,1,0,0,7,0,11,0
292,05-05-2020,Deceased,128,0,1,0,0,0,0,0,0,0,0,0,49,0,1,0,0,2,0,0,0,11,34,0,0,0,0,1,0,2,12,0,2,0,0,6,0,7,0
293,06-05-2020,Deceased,91,0,2,0,0,0,0,0,0,0,1,0,28,1,0,0,0,0,0,0,0,9,34,0,0,0,0,0,0,2,4,0,2,0,0,4,0,4,0
294,07-05-2020,Deceased,104,0,2,0,0,1,0,0,0,0,1,0,29,0,0,1,0,1,0,0,0,8,43,0,0,0,0,0,0,1,6,0,2,0,0,2,0,7,0
295,08-05-2020,Deceased,97,0,3,0,1,0,1,0,0,0,2,0,24,1,0,0,0,0,0,0,0,7,37,0,0,0,0,0,0,1,4,0,3,0,0,4,0,9,0
296,09-05-2020,Deceased,115,0,3,0,-1,0,0,0,0,0,0,0,23,1,0,0,0,0,0,0,0,11,48,0,0,0,0,1,0,2,3,0,4,1,0,8,0,11,0
297,10-05-2020,Deceased,112,0,1,0,0,1,1,0,0,0,5,0,21,1,0,0,0,1,0,0,0,4,53,0,0,0,0,0,0,0,2,0,3,0,0,5,0,14,0
298,11-05-2020,Deceased,81,0,0,0,0,0,0,0,0,0,0,0,20,1,0,1,0,0,0,0,0,6,36,0,0,0,0,0,0,0,5,0,6,0,0,1,0,5,0
299,12-05-2020,Deceased,120,0,1,0,0,0,0,0,0,0,13,0,24,0,0,0,0,0,0,0,0,4,53,0,0,0,0,0,0,1,4,0,8,2,0,2,0,8,0
300,13-05-2020,Deceased,137,0,1,0,0,1,0,0,0,0,20,0,29,0,0,1,0,2,0,0,0,7,54,0,0,0,0,0,0,0,4,0,3,2,0,4,0,9,0
301,14-05-2020,Deceased,97,0,1,0,0,0,0,0,0,0,9,0,20,0,0,0,0,2,0,0,0,5,44,0,0,0,0,0,0,0,4,0,2,0,0,2,0,8,0
302,15-05-2020,Deceased,104,0,0,0,0,0,0,0,0,0,8,0,20,2,0,0,0,1,0,0,0,2,49,0,0,0,0,0,0,0,0,0,5,0,0,7,0,10,0
303,16-05-2020,Deceased,120,0,1,0,0,1,0,0,0,0,6,0,19,0,0,1,0,0,0,0,0,4,67,0,0,0,0,0,0,0,1,0,4,0,0,9,0,7,0
304,17-05-2020,Deceased,152,0,1,0,0,0,0,0,0,0,19,0,34,1,0,1,0,1,0,0,0,5,63,0,0,0,0,1,0,3,5,0,4,0,0,8,0,6,0
305,18-05-2020,Deceased,131,0,0,0,2,1,0,0,0,0,12,0,35,0,0,2,0,0,0,0,0,4,51,0,0,0,0,0,0,2,7,0,3,0,0,6,0,6,0
306,19-05-2020,Deceased,146,0,2,0,0,0,0,0,0,0,6,0,25,0,1,2,0,3,0,0,0,6,76,0,0,0,0,1,0,1,5,0,3,4,0,5,0,6,0
307,20-05-2020,Deceased,134,0,1,0,0,0,0,0,0,0,10,0,30,0,0,1,0,1,0,0,0,9,65,0,0,0,0,1,0,0,4,0,3,2,0,4,0,3,0
308,21-05-2020,Deceased,148,0,1,0,0,0,0,0,0,0,18,0,24,0,0,2,0,0,0,0,0,4,64,0,0,0,0,1,0,1,4,0,7,5,0,11,0,6,0
309,22-05-2020,Deceased,142,0,1,0,0,2,0,0,0,0,14,0,29,2,0,0,0,0,1,0,0,1,63,0,0,0,0,0,0,0,2,0,4,3,0,14,0,6,0
310,23-05-2020,Deceased,142,0,1,0,0,0,0,0,0,0,23,0,27,0,0,1,0,1,0,0,0,9,60,0,0,0,0,0,0,0,7,0,5,1,0,3,0,4,0
311,24-05-2020,Deceased,156,0,0,0,0,0,1,0,0,0,30,0,29,0,0,0,1,0,1,0,0,9,58,0,0,0,0,0,0,1,3,0,8,4,0,6,2,3,0
312,25-05-2020,Deceased,150,0,0,0,0,2,0,0,0,0,15,0,30,0,0,2,0,2,0,0,0,10,60,0,0,0,0,0,0,0,4,0,7,3,0,8,1,6,0
313,26-05-2020,Deceased,173,0,1,0,0,1,0,0,0,0,12,0,27,0,0,1,0,0,1,0,0,5,97,0,0,0,0,0,0,0,3,0,11,1,0,8,0,5,0
314,27-05-2020,Deceased,188,0,1,0,0,1,0,0,0,0,15,0,23,2,2,2,0,3,0,0,0,8,105,0,0,0,0,0,0,0,3,0,6,6,0,5,0,6,0
315,28-05-2020,Deceased,176,0,1,0,0,0,0,0,0,0,13,0,22,1,0,1,0,0,1,0,0,8,85,0,0,0,0,0,0,0,7,0,12,4,0,15,0,6,0
316,29-05-2020,Deceased,269,0,1,0,0,0,0,1,0,0,82,0,20,0,0,1,1,1,1,0,0,13,116,0,0,0,0,2,0,2,4,0,9,4,0,4,0,7,0
317,30-05-2020,Deceased,205,0,0,0,0,6,0,0,0,0,18,0,27,1,0,0,0,1,1,0,0,9,99,0,0,0,0,0,0,2,9,0,6,6,0,12,1,7,0
318,31-05-2020,Deceased,222,0,2,0,0,2,0,0,0,0,57,0,31,0,0,0,0,2,0,0,0,7,89,0,0,0,0,0,0,1,1,0,13,5,0,4,0,8,0
319,01-06-2020,Deceased,201,0,2,0,0,0,0,0,0,0,50,0,25,1,0,3,0,1,1,0,0,8,76,0,0,0,0,0,0,-1,5,0,11,6,0,5,0,8,0
320,02-06-2020,Deceased,222,0,0,0,0,1,1,1,0,0,33,0,29,2,0,2,0,0,1,1,0,6,103,0,0,0,0,0,0,2,4,0,13,4,0,7,2,10,0
321,03-06-2020,Deceased,259,0,4,0,0,1,0,0,0,0,59,0,30,0,0,1,0,1,0,0,0,7,122,0,0,0,0,0,0,1,6,0,8,7,0,1,1,10,0
322,04-06-2020,Deceased,274,0,3,0,0,3,0,0,0,0,44,0,33,1,0,1,1,4,3,0,0,6,123,0,0,0,0,0,0,0,4,0,15,6,0,15,2,10,0
323,05-06-2020,Deceased,286,0,2,0,0,1,0,0,0,0,49,0,35,0,0,1,1,0,0,0,0,7,139,0,0,0,0,1,0,1,5,0,12,8,0,12,1,11,0
324,06-06-2020,Deceased,297,0,0,0,0,0,0,2,0,0,53,0,29,0,0,3,0,2,1,0,0,15,120,0,0,0,0,0,0,2,13,0,19,10,0,11,0,17,0
325,07-06-2020,Deceased,261,0,2,0,0,1,0,0,0,0,51,0,30,4,0,2,0,2,0,0,0,13,91,0,0,0,0,1,0,1,9,0,18,14,0,7,2,13,0
326,08-06-2020,Deceased,271,0,0,0,0,1,0,0,0,0,62,0,31,11,0,4,0,3,1,0,0,2,109,0,0,0,0,0,0,2,6,0,17,5,0,8,0,9,0
327,09-06-2020,Deceased,272,0,2,0,1,2,0,1,0,0,31,0,33,6,0,3,1,2,0,0,0,6,120,0,0,0,0,0,0,2,9,0,18,6,1,18,0,10,0
328,10-06-2020,Deceased,358,0,1,0,1,1,0,1,0,0,79,0,34,7,1,3,0,3,1,0,0,7,149,0,0,0,0,0,0,0,4,0,19,8,0,20,2,17,0
329,11-06-2020,Deceased,394,0,2,0,0,0,0,0,0,0,101,0,38,12,0,1,0,3,1,0,0,4,152,0,0,0,0,1,2,4,6,0,23,9,0,24,1,10,0
330,12-06-2020,Deceased,388,0,0,0,2,1,0,0,0,0,129,0,31,6,0,1,0,7,1,0,0,9,127,0,0,0,0,1,1,4,7,0,18,9,0,20,5,9,0
331,13-06-2020,Deceased,309,0,2,0,0,0,0,0,0,0,57,0,33,8,0,2,0,3,0,0,0,7,113,0,0,0,0,0,0,2,10,0,30,8,0,20,2,12,0
332,14-06-2020,Deceased,324,0,2,0,0,1,0,3,0,0,56,0,29,10,0,4,0,5,0,0,0,12,120,0,0,0,0,1,1,2,10,0,38,3,0,14,1,12,0
333,15-06-2020,Deceased,396,0,2,0,0,2,1,0,0,0,73,0,28,12,0,3,1,2,1,0,0,6,178,0,0,0,0,0,0,4,9,0,44,2,0,18,0,10,0
334,16-06-2020,Deceased,2004,0,2,0,0,1,0,0,0,0,437,0,28,18,0,1,0,7,0,0,0,11,1409,0,0,0,0,0,0,1,7,0,49,4,0,18,1,10,0
335,17-06-2020,Deceased,341,0,2,0,0,0,0,0,0,0,67,0,27,12,0,1,1,8,0,0,0,6,114,0,0,0,0,0,1,6,5,0,48,1,0,30,1,11,0
336,18-06-2020,Deceased,343,0,2,0,1,5,0,0,0,0,65,0,31,4,0,7,1,12,1,0,0,4,100,0,0,0,0,0,1,5,17,0,49,3,0,23,0,12,0
337,19-06-2020,Deceased,364,0,4,0,0,5,0,1,0,0,66,0,27,10,0,4,0,9,0,0,0,9,142,0,0,0,0,0,1,9,3,0,41,3,0,19,0,11,0
338,20-06-2020,Deceased,308,0,5,0,0,0,0,1,0,0,77,0,20,5,0,6,0,9,0,0,0,6,91,0,0,0,0,1,0,6,4,0,38,5,0,22,1,11,0
339,21-06-2020,Deceased,426,0,5,0,0,2,0,0,0,0,63,0,25,11,0,1,0,5,0,0,0,14,186,0,0,0,0,4,1,1,12,0,53,7,0,21,0,15,0
340,22-06-2020,Deceased,312,0,5,0,0,1,0,1,0,0,58,1,21,9,0,3,0,5,0,0,0,6,113,0,0,0,0,2,0,2,7,0,37,7,0,19,1,14,0
341,23-06-2020,Deceased,468,0,8,0,0,2,0,0,0,0,68,1,26,9,0,2,0,8,1,0,0,4,248,0,0,0,0,3,1,4,9,0,39,3,0,19,2,11,0
342,24-06-2020,Deceased,424,0,10,1,0,1,0,0,0,0,64,0,25,10,0,1,1,14,0,0,0,9,208,0,0,0,0,0,0,8,10,0,33,5,0,8,5,11,0
343,25-06-2020,Deceased,401,0,7,0,0,1,0,0,0,0,64,0,18,10,1,2,0,6,0,0,0,8,192,0,0,0,0,0,0,7,4,0,45,5,0,15,1,15,0
344,26-06-2020,Deceased,381,0,10,0,0,0,0,1,0,0,63,0,18,13,0,1,0,10,0,0,0,4,175,0,0,0,0,0,0,2,1,0,46,7,0,19,1,10,0
345,27-06-2020,Deceased,414,0,11,0,1,2,0,0,0,0,66,0,18,7,0,2,0,11,0,0,0,4,167,0,0,0,0,1,1,6,11,0,68,6,0,19,0,13,0
346,28-06-2020,Deceased,384,0,12,0,1,4,0,0,0,0,65,1,19,5,0,1,0,16,0,0,0,7,156,0,0,0,0,3,1,5,8,0,54,4,0,11,1,10,0
347,29-06-2020,Deceased,417,0,11,0,0,1,0,0,0,0,57,0,19,9,0,1,3,19,1,0,0,7,181,0,0,0,0,2,0,5,6,0,62,6,0,12,1,14,0
348,30-06-2020,Deceased,506,0,7,0,1,5,0,0,0,0,62,0,20,4,1,6,0,20,1,0,0,8,245,0,0,0,0,2,1,6,8,0,60,7,0,25,2,15,0
349,01-07-2020,Deceased,438,0,6,0,0,5,0,1,0,0,61,1,21,4,0,4,0,7,1,0,0,9,198,0,0,0,0,1,0,5,8,0,63,7,0,21,0,15,0
350,02-07-2020,Deceased,378,0,5,0,2,5,0,0,0,0,61,0,19,11,0,10,0,19,0,0,0,8,125,0,0,0,0,2,0,3,9,0,57,8,0,17,1,16,0
351,03-07-2020,Deceased,444,0,8,0,0,6,0,0,0,0,59,0,18,4,0,4,0,21,0,0,0,4,198,0,0,0,0,2,1,5,10,0,64,8,0,14,0,18,0
352,04-07-2020,Deceased,611,0,12,0,0,4,0,0,0,0,81,2,21,5,1,8,3,42,0,0,0,5,295,0,0,0,0,6,1,5,7,0,65,5,0,24,0,19,0
353,05-07-2020,Deceased,421,0,14,0,0,2,0,0,0,0,63,1,18,5,0,5,1,37,0,0,0,10,151,0,0,0,0,3,0,2,9,0,60,7,0,12,0,21,0
354,06-07-2020,Deceased,473,0,7,1,0,7,0,0,0,0,48,0,17,11,0,6,1,30,2,0,0,9,204,0,0,0,0,2,0,5,5,0,61,11,0,24,0,22,0
355,07-07-2020,Deceased,479,0,13,0,2,1,1,0,1,0,50,1,17,3,0,5,2,15,0,0,0,5,224,0,0,0,0,6,0,6,11,0,65,7,0,18,1,25,0
356,08-07-2020,Deceased,492,0,12,0,6,2,0,0,0,0,48,0,16,3,0,6,0,54,0,0,0,7,198,0,1,0,0,7,0,3,10,0,64,11,0,18,3,23,0
357,09-07-2020,Deceased,479,0,13,0,5,9,0,1,0,0,45,1,15,5,0,5,1,17,0,0,0,5,219,0,0,0,0,6,2,5,9,0,65,7,0,17,0,27,0
358,10-07-2020,Deceased,520,0,15,0,8,2,0,2,0,0,42,0,14,3,0,5,0,57,0,0,0,4,226,0,0,0,0,6,1,4,6,0,64,8,0,27,0,26,0
359,11-07-2020,Deceased,543,0,17,0,2,7,1,0,0,0,34,3,10,7,0,10,1,70,2,0,0,6,223,0,0,0,0,6,1,8,6,0,69,9,1,24,0,26,0
360,12-07-2020,Deceased,500,0,19,0,4,7,0,2,0,0,37,2,13,4,0,10,7,71,2,0,0,9,173,0,0,0,0,5,0,4,7,0,68,8,0,21,1,26,0
361,13-07-2020,Deceased,541,0,37,1,4,9,0,0,0,0,40,3,10,7,0,8,2,73,2,0,0,10,193,0,0,0,0,7,0,5,8,0,66,9,0,21,2,24,0
362,14-07-2020,Deceased,587,0,43,0,6,9,2,1,0,0,35,1,14,4,0,8,3,87,1,0,0,10,213,0,0,0,0,5,0,9,6,0,67,10,0,28,1,24,0
363,15-07-2020,Deceased,614,0,44,0,2,14,1,0,1,0,41,0,10,7,0,11,2,87,1,0,0,9,233,0,0,0,0,5,3,8,6,0,68,11,1,29,0,20,0
364,16-07-2020,Deceased,680,0,40,0,2,10,0,1,0,0,58,1,10,3,0,16,4,104,2,0,0,7,266,0,0,0,0,2,1,9,8,0,69,10,0,34,0,23,0
365,17-07-2020,Deceased,676,0,42,0,1,6,0,3,0,0,26,2,17,5,0,9,4,115,1,1,0,9,258,0,0,0,0,6,3,9,8,0,79,7,0,38,1,26,0
366,18-07-2020,Deceased,543,0,52,0,2,4,1,0,0,0,26,0,19,17,0,5,2,93,2,0,0,8,144,0,0,0,0,3,3,7,7,0,88,6,2,24,1,27,0
367,19-07-2020,Deceased,675,0,56,0,4,2,0,0,0,0,31,1,20,5,0,8,1,91,2,0,0,15,258,0,2,0,0,7,0,8,6,0,78,6,0,38,0,36,0
368,20-07-2020,Deceased,596,0,54,0,1,8,0,4,0,0,35,1,20,6,0,10,4,72,1,0,0,17,176,0,0,0,0,6,1,8,9,0,70,7,2,46,3,35,0
369,21-07-2020,Deceased,671,0,62,0,6,11,0,1,0,0,27,3,34,9,1,9,8,61,1,0,0,18,246,0,0,0,0,8,1,1,9,0,75,7,1,37,0,35,0
370,22-07-2020,Deceased,1130,0,65,0,2,10,1,0,0,0,29,2,28,8,0,10,3,55,1,0,0,14,280,0,0,0,0,6,1,6,6,0,518,9,1,34,2,39,0
371,23-07-2020,Deceased,755,0,61,0,4,4,0,5,0,0,26,1,28,6,0,9,3,97,5,0,0,10,298,0,0,0,0,6,3,8,11,0,88,9,1,35,3,34,0
372,24-07-2020,Deceased,763,0,49,0,6,9,0,2,0,0,32,0,26,4,1,14,9,110,4,0,0,11,278,0,1,0,1,8,1,5,8,0,88,8,1,50,2,35,0
373,25-07-2020,Deceased,703,0,52,0,1,11,0,3,0,0,29,4,22,7,0,9,7,72,5,1,0,8,257,0,0,0,3,10,3,9,11,0,89,8,0,39,1,42,0
374,26-07-2020,Deceased,704,0,56,0,2,17,0,4,0,0,21,2,21,3,1,7,0,82,2,1,0,12,267,0,0,0,0,11,2,15,11,1,85,0,2,39,0,40,0
375,27-07-2020,Deceased,642,1,49,0,7,6,1,2,0,0,26,1,22,5,0,9,7,75,2,0,0,9,227,0,0,0,1,7,3,12,9,0,77,8,4,30,3,39,0
376,28-07-2020,Deceased,774,0,58,0,2,14,0,1,0,0,28,0,24,9,0,12,4,102,4,0,0,10,282,0,0,0,-1,8,4,18,11,0,88,9,4,41,4,38,0
377,29-07-2020,Deceased,775,1,65,0,4,4,0,4,0,0,26,3,24,7,0,15,5,90,1,2,0,14,298,1,0,0,0,6,0,25,10,0,82,12,0,33,2,41,0
378,30-07-2020,Deceased,784,1,68,0,2,12,0,1,0,0,29,3,22,4,0,17,4,83,2,1,0,13,266,3,0,0,0,10,1,9,13,0,100,13,0,57,4,46,0
379,31-07-2020,Deceased,764,2,68,0,4,13,1,3,0,0,27,3,22,4,0,12,3,84,3,0,0,10,265,1,0,0,0,9,1,16,13,0,94,14,0,43,4,45,0
380,01-08-2020,Deceased,854,2,58,0,3,14,3,1,0,0,26,3,24,7,0,11,8,98,8,0,0,9,322,1,0,0,0,11,2,19,14,0,99,11,2,47,3,48,0
381,02-08-2020,Deceased,760,1,67,0,4,10,1,3,0,0,15,5,22,5,0,8,4,84,1,0,0,10,260,1,0,0,0,11,1,18,12,0,98,10,4,53,3,49,0
382,03-08-2020,Deceased,806,2,63,0,4,14,0,3,0,0,17,3,22,7,0,11,7,98,2,0,0,14,266,0,0,0,0,12,4,19,13,0,109,11,0,48,4,53,0
383,04-08-2020,Deceased,849,2,67,0,6,13,1,8,0,0,12,4,25,8,0,10,4,110,3,0,0,12,300,0,0,0,0,10,2,20,13,0,108,12,1,39,5,54,0
384,05-08-2020,Deceased,919,2,77,0,6,20,0,2,0,0,11,4,23,7,0,9,7,100,7,0,0,17,334,0,0,0,2,11,7,29,13,0,112,13,2,40,3,61,0
385,06-08-2020,Deceased,899,2,72,0,5,19,0,6,0,0,15,2,27,3,0,10,9,93,3,0,0,17,316,1,0,0,0,11,5,26,12,0,110,13,1,61,4,56,0
386,07-08-2020,Deceased,936,3,89,0,6,12,3,10,0,0,23,4,22,9,0,13,6,100,5,2,0,16,300,2,0,0,1,12,5,22,10,0,119,12,5,63,10,52,0
387,08-08-2020,Deceased,875,1,97,0,8,19,1,3,0,0,16,2,23,7,0,10,9,93,4,0,0,15,275,1,1,0,0,15,5,23,11,0,118,14,1,47,5,51,0
388,09-08-2020,Deceased,1013,0,97,0,5,10,1,6,0,0,13,3,25,9,1,13,17,107,2,0,0,19,390,0,0,0,1,14,7,24,11,0,119,12,4,41,8,54,0
389,10-08-2020,Deceased,887,0,80,0,6,21,0,3,0,0,20,5,20,6,2,6,12,114,7,0,0,19,293,0,0,0,0,16,2,18,11,0,114,10,1,51,9,41,0
390,11-08-2020,Deceased,835,1,87,0,4,15,1,5,0,0,8,6,23,11,1,12,5,86,5,0,0,18,256,1,0,0,-1,12,2,32,11,0,118,8,1,56,2,49,0
391,12-08-2020,Deceased,950,0,93,0,6,9,1,5,0,0,14,3,18,3,0,8,8,113,6,0,0,15,344,0,0,0,0,9,5,39,11,0,119,9,0,54,4,54,0
392,13-08-2020,Deceased,1006,1,82,1,8,10,1,8,0,0,14,2,18,8,1,11,7,103,3,0,0,17,413,1,0,0,0,9,6,31,11,0,119,11,1,50,3,56,0
393,14-08-2020,Deceased,989,2,97,1,6,16,0,13,0,0,11,2,15,7,0,11,15,104,10,0,0,16,364,0,0,0,0,10,4,25,13,0,117,9,2,55,4,60,0
394,15-08-2020,Deceased,952,0,87,0,7,15,0,4,0,0,10,5,19,10,0,7,5,114,7,1,0,13,322,0,0,0,0,9,0,40,16,0,127,10,4,58,4,58,0
395,16-08-2020,Deceased,952,4,88,0,7,22,1,8,0,0,8,6,20,10,0,15,15,116,10,4,0,11,288,3,0,0,0,10,4,41,14,0,125,9,5,56,1,51,0
396,17-08-2020,Deceased,880,1,82,0,8,5,1,8,0,0,18,7,15,12,0,6,11,115,13,0,0,23,228,1,0,0,0,10,4,50,11,0,120,10,4,66,6,45,0
397,18-08-2020,Deceased,1099,1,88,0,6,16,0,8,0,0,12,5,20,7,0,13,10,139,6,3,0,13,422,1,0,0,0,9,9,36,11,1,121,8,3,70,6,55,0
398,19-08-2020,Deceased,979,0,86,0,10,10,1,6,0,0,9,8,17,10,2,11,13,126,7,1,0,18,346,0,0,0,0,10,6,22,12,1,116,8,3,53,14,53,0
399,20-08-2020,Deceased,981,1,95,0,8,6,0,8,0,0,22,2,16,11,2,6,8,102,9,0,0,12,326,0,0,0,0,8,8,37,11,0,116,10,0,95,9,53,0
400,21-08-2020,Deceased,953,1,91,0,6,14,2,8,0,0,13,9,14,7,2,15,11,93,12,1,0,14,339,2,0,0,0,10,6,34,12,0,101,8,4,64,5,55,0
401,22-08-2020,Deceased,918,0,97,0,7,13,0,10,0,0,14,5,14,12,4,15,13,93,15,2,0,21,297,2,1,0,1,9,8,45,11,0,80,7,1,70,3,48,0
402,23-08-2020,Deceased,846,1,93,0,8,9,4,7,0,0,16,4,14,6,0,9,8,68,5,2,0,23,258,0,1,0,0,10,8,50,11,0,97,11,2,59,5,57,0
403,24-08-2020,Deceased,854,2,86,0,10,17,0,9,0,0,13,4,13,10,0,7,17,127,11,0,0,17,212,0,0,0,0,10,5,43,12,0,97,6,1,61,7,57,0
404,25-08-2020,Deceased,1066,2,92,0,8,17,3,15,0,0,17,9,20,10,1,14,12,148,10,1,0,19,329,2,0,0,0,9,8,49,13,0,107,9,6,72,6,58,0
405,26-08-2020,Deceased,1017,4,81,0,14,9,1,10,0,0,17,8,17,11,2,19,15,133,13,1,0,17,295,1,0,0,0,13,8,41,12,0,118,10,4,82,6,55,0
406,27-08-2020,Deceased,1066,1,92,0,4,9,2,14,0,0,22,6,17,12,1,14,15,141,10,2,0,24,355,0,1,0,0,7,10,37,13,0,109,8,2,76,9,53,0
407,28-08-2020,Deceased,1019,0,81,2,8,12,2,6,0,0,20,4,14,15,0,7,12,136,7,1,0,17,331,2,1,0,0,8,9,51,12,0,102,11,4,77,11,56,0
408,29-08-2020,Deceased,943,2,82,0,3,5,0,11,0,0,15,3,13,9,1,7,9,115,6,4,0,22,328,1,0,0,0,14,12,41,13,0,87,9,5,62,11,53,0
409,30-08-2020,Deceased,960,1,88,0,7,9,7,7,0,0,22,5,17,12,1,9,12,106,7,2,0,29,296,0,0,0,0,12,10,56,13,0,94,10,4,67,7,50,0
410,31-08-2020,Deceased,816,1,85,0,10,6,4,8,0,0,18,9,14,7,3,9,7,113,7,0,0,20,184,0,0,0,0,10,7,49,13,0,91,9,5,63,12,52,0
411,01-09-2020,Deceased,1027,0,84,0,9,15,1,10,0,0,18,2,14,17,4,14,11,135,4,1,0,32,320,1,2,0,0,11,12,59,13,1,96,9,10,56,11,55,0
412,02-09-2020,Deceased,1026,1,72,0,8,13,2,12,0,0,19,10,12,15,1,15,10,113,7,0,0,27,292,0,1,0,0,11,13,106,12,0,98,10,5,74,11,56,0
413,03-09-2020,Deceased,1083,1,75,1,7,6,4,16,0,0,19,8,16,19,5,11,6,104,10,0,0,30,391,3,0,0,0,8,7,72,14,1,92,10,8,75,9,55,0
414,04-09-2020,Deceased,1066,1,76,0,15,13,5,22,0,0,13,8,14,19,2,12,3,116,11,0,0,30,378,3,1,0,0,9,20,49,13,0,79,10,3,71,12,58,0
415,05-09-2020,Deceased,1044,1,71,0,7,9,1,19,0,0,25,9,16,22,4,15,15,128,11,0,0,30,312,1,1,0,0,7,18,69,14,0,64,11,7,81,18,58,0
416,06-09-2020,Deceased,1005,0,70,0,8,4,2,24,0,0,29,7,14,25,1,14,7,95,10,0,0,29,328,2,1,0,0,8,16,54,15,0,85,9,8,77,11,52,0
417,07-09-2020,Deceased,1129,0,70,0,10,7,3,15,0,0,32,9,15,23,1,17,13,141,12,0,0,17,423,0,1,0,0,10,11,61,14,0,89,9,5,56,7,58,0
418,08-09-2020,Deceased,1107,0,73,1,8,4,1,12,0,0,19,11,13,25,4,14,14,146,13,0,0,20,380,1,0,0,0,13,12,67,13,2,87,11,3,71,12,57,0
419,09-09-2020,Deceased,1168,1,74,0,18,10,2,70,0,0,20,6,16,28,3,17,16,128,12,0,0,31,380,1,2,0,0,11,10,71,14,0,78,10,9,65,12,53,0
420,10-09-2020,Deceased,1213,0,68,0,18,10,3,16,0,0,28,6,15,25,3,13,5,129,12,1,0,21,495,4,1,0,0,11,6,88,14,0,64,11,6,94,5,41,0
421,11-09-2020,Deceased,1202,0,77,1,16,12,3,25,0,0,21,8,16,25,5,9,15,130,14,2,0,30,442,0,4,0,0,14,12,63,15,4,77,13,5,76,11,57,0
422,12-09-2020,Deceased,1111,0,67,0,23,11,6,21,0,0,28,10,15,24,2,10,10,94,15,1,0,37,391,1,1,0,0,11,5,76,14,2,76,10,10,67,14,59,0
423,13-09-2020,Deceased,1140,0,66,0,16,14,1,16,0,0,29,4,15,19,4,14,13,104,14,1,0,34,416,1,1,0,0,10,15,68,15,3,74,11,12,80,12,58,0
424,14-09-2020,Deceased,1054,1,60,1,13,9,5,18,0,0,26,14,17,25,5,17,6,119,15,1,0,29,363,0,2,0,0,11,9,67,14,0,53,13,6,62,15,58,0
425,15-09-2020,Deceased,1281,0,69,2,10,5,1,15,0,0,36,11,17,26,8,19,10,97,11,3,0,29,515,1,1,0,2,8,11,91,14,3,68,10,7,113,9,59,0
426,16-09-2020,Deceased,1140,0,64,0,19,12,5,23,0,0,33,4,12,19,1,18,8,55,14,2,0,24,474,1,0,0,0,11,13,78,15,0,57,12,10,86,9,61,0
427,17-09-2020,Deceased,1175,0,72,0,17,7,5,17,0,0,38,8,14,24,7,19,11,93,10,1,0,33,468,3,3,0,0,13,13,54,14,4,59,9,5,81,13,60,0
428,18-09-2020,Deceased,1221,0,67,0,12,4,4,17,0,0,30,8,16,23,12,15,12,179,12,1,0,24,440,1,2,0,0,13,6,60,15,3,67,11,6,98,4,59,0
429,19-09-2020,Deceased,1149,0,58,0,8,2,6,19,0,0,38,7,16,28,5,21,13,114,18,1,0,42,425,3,2,0,0,9,11,51,14,2,66,9,7,84,14,56,0
430,20-09-2020,Deceased,1135,0,57,0,14,3,4,13,0,0,37,9,17,29,4,14,2,101,16,0,0,27,455,2,0,0,0,10,10,56,14,1,60,8,4,94,13,61,0
431,21-09-2020,Deceased,1056,0,51,0,16,6,3,13,0,0,32,9,17,28,7,23,9,122,18,1,0,37,344,2,2,0,0,9,9,47,16,0,60,9,6,88,10,62,0
432,22-09-2020,Deceased,1085,0,51,1,8,3,4,28,0,0,37,8,16,29,5,18,15,83,19,0,0,28,392,1,2,0,0,11,6,66,15,0,76,10,3,77,11,62,0
433,23-09-2020,Deceased,1123,0,45,0,11,1,10,10,0,0,36,8,15,27,5,20,7,38,20,1,0,42,479,2,2,0,1,15,8,64,15,1,63,10,2,87,17,61,0
434,24-09-2020,Deceased,1144,0,52,0,11,4,7,24,0,0,36,7,14,22,10,22,4,65,21,3,0,45,459,0,1,0,0,16,6,76,15,1,66,8,7,67,13,62,0
435,25-09-2020,Deceased,1093,0,48,0,17,3,1,25,0,0,24,3,12,18,7,21,9,86,22,2,0,30,416,1,0,0,0,15,7,68,15,0,72,10,5,84,13,59,0
436,26-09-2020,Deceased,1124,0,57,0,13,5,0,40,0,0,46,5,13,18,7,20,9,86,21,1,0,29,430,1,0,0,0,16,6,54,14,0,85,11,3,67,11,56,0
437,27-09-2020,Deceased,1040,1,45,0,17,2,2,31,0,0,42,10,10,16,11,7,9,79,21,1,0,26,380,0,0,0,0,14,13,50,15,2,80,9,2,77,8,60,0
438,28-09-2020,Deceased,775,0,37,1,12,4,6,29,0,0,37,6,12,24,5,14,9,59,20,0,0,35,180,0,3,0,1,16,2,46,15,2,70,7,3,58,6,56,0
439,29-09-2020,Deceased,1178,0,35,1,13,2,5,39,0,0,48,12,11,25,3,18,12,136,22,0,0,39,430,1,1,0,0,15,2,75,15,0,70,9,3,63,11,62,0
440,30-09-2020,Deceased,1179,0,48,0,17,10,4,41,0,0,41,9,11,26,3,17,13,87,23,0,0,35,481,2,2,0,0,14,4,47,15,2,67,11,1,69,20,59,0
441,01-10-2020,Deceased,1099,0,41,0,14,2,2,29,0,0,40,12,10,20,9,17,8,130,29,3,0,20,394,1,2,0,0,17,4,45,14,3,66,8,6,80,14,59,0
442,02-10-2020,Deceased,1068,0,31,2,10,4,5,16,0,0,37,2,15,23,7,14,8,125,20,0,0,36,424,1,1,0,0,16,7,50,16,1,67,10,3,53,11,53,0
443,03-10-2020,Deceased,937,0,41,0,14,2,3,29,0,0,34,8,12,25,8,19,5,100,22,0,0,27,278,2,2,0,0,17,2,61,14,2,65,8,3,60,12,62,0
444,04-10-2020,Deceased,903,0,40,0,14,3,2,14,0,0,38,6,9,20,7,11,9,67,23,0,0,35,326,3,0,0,0,15,5,41,15,2,66,10,4,52,4,62,0
445,05-10-2020,Deceased,886,1,38,1,11,9,3,36,0,0,32,4,13,21,7,10,4,84,23,0,0,29,263,1,5,0,0,17,4,38,14,1,62,8,6,63,17,61,0
446,06-10-2020,Deceased,990,0,33,1,18,1,3,23,0,0,39,8,10,18,5,16,10,91,25,0,0,25,370,3,1,0,0,16,3,38,15,3,71,10,2,61,8,63,0
447,07-10-2020,Deceased,963,0,34,1,7,2,2,30,0,0,35,9,9,19,2,14,10,113,22,2,0,30,355,2,0,0,0,18,5,33,16,2,67,8,0,47,11,58,0
448,08-10-2020,Deceased,967,1,42,1,9,2,4,24,0,0,37,7,10,20,7,9,8,101,24,0,0,29,358,3,0,0,0,16,5,29,15,1,68,12,3,45,14,63,0
449,09-10-2020,Deceased,929,0,31,1,8,5,2,38,0,0,39,7,9,14,7,15,6,114,25,0,0,27,302,3,1,0,0,17,2,32,16,2,68,7,7,48,14,62,0
450,10-10-2020,Deceased,921,0,35,0,9,10,2,39,0,0,48,8,10,10,3,7,3,102,23,1,0,25,308,2,1,0,0,15,1,25,15,1,67,9,2,60,18,62,0
451,11-10-2020,Deceased,813,0,30,1,5,2,1,18,0,0,29,8,9,7,2,9,3,75,25,0,0,25,305,3,1,0,0,16,4,35,14,1,65,5,2,41,13,59,0
452,12-10-2020,Deceased,710,0,32,0,10,9,1,33,0,0,40,4,8,13,1,11,11,70,22,0,0,21,169,2,1,0,1,18,2,27,15,1,62,6,1,44,15,60,0
453,13-10-2020,Deceased,727,0,35,4,4,6,5,20,0,0,45,3,10,9,3,7,7,87,21,0,0,26,187,4,1,0,1,17,2,34,14,2,57,5,1,28,20,62,0
454,14-10-2020,Deceased,690,0,28,1,4,6,2,33,0,0,44,5,11,13,1,12,6,75,20,0,0,15,158,6,5,0,3,15,1,31,15,0,52,8,1,41,14,64,0
455,15-10-2020,Deceased,882,0,38,1,9,5,2,46,0,0,26,6,11,9,5,6,8,85,23,1,0,24,337,1,3,0,0,17,2,29,14,0,49,8,1,36,18,62,0
456,16-10-2020,Deceased,840,1,25,0,10,9,5,40,0,0,22,6,11,11,2,8,5,73,24,0,0,25,306,5,2,0,0,15,1,26,15,0,60,7,4,46,15,61,0
457,17-10-2020,Deceased,1032,0,24,0,12,9,1,14,0,0,35,7,9,6,3,6,8,71,26,1,0,18,463,2,0,0,4,17,3,19,12,0,54,9,3,40,95,61,0
458,18-10-2020,Deceased,582,0,23,0,3,6,1,39,0,0,28,6,9,0,3,7,7,51,22,0,0,20,150,5,0,0,0,14,0,13,13,1,56,6,3,29,3,64,0
459,19-10-2020,Deceased,589,0,24,0,7,7,0,56,0,0,31,5,8,8,4,9,3,64,21,0,0,13,125,1,0,0,0,17,1,17,12,2,52,4,2,27,6,63,0
460,20-10-2020,Deceased,714,0,28,1,9,8,1,50,0,0,41,6,8,12,2,9,7,66,24,1,0,25,213,4,1,0,0,16,2,8,14,1,47,7,0,29,13,61,0
461,21-10-2020,Deceased,701,0,27,0,5,8,0,44,0,0,47,2,9,14,5,5,2,88,26,1,0,17,180,3,1,0,0,13,3,23,14,0,39,5,1,41,14,64,0
462,22-10-2020,Deceased,686,1,16,1,7,7,3,52,0,0,35,7,7,14,5,10,8,74,23,0,0,14,198,3,1,0,0,15,2,12,12,0,45,5,2,35,8,64,0
463,23-10-2020,Deceased,655,1,20,1,4,8,2,58,0,0,26,4,6,17,1,12,3,51,26,0,0,13,184,5,1,0,0,18,2,23,14,0,33,6,5,40,11,60,0
464,24-10-2020,Deceased,578,0,22,0,2,8,2,55,0,0,36,2,6,15,5,6,2,52,25,3,0,20,137,6,1,0,3,15,2,12,12,0,35,5,1,24,5,59,0
465,25-10-2020,Deceased,483,0,21,0,4,7,2,25,0,0,33,6,7,7,1,8,2,32,26,0,0,10,112,1,1,0,1,16,2,10,13,1,31,4,3,28,9,60,0
466,26-10-2020,Deceased,485,0,19,2,2,9,4,43,0,0,54,6,4,10,2,6,6,42,20,0,0,5,84,5,0,0,2,14,0,8,14,1,32,4,0,20,8,59,0
467,27-10-2020,Deceased,511,0,19,1,6,7,1,20,0,0,44,3,5,13,5,7,4,44,24,2,0,8,115,6,1,0,0,13,0,13,14,2,27,4,1,38,6,58,0
468,28-10-2020,Deceased,515,0,18,0,3,4,1,55,0,0,40,7,6,8,2,4,4,55,27,1,0,15,91,6,3,1,1,12,2,20,10,0,35,4,0,18,2,60,0
469,29-10-2020,Deceased,562,1,16,1,6,7,1,53,0,0,27,5,4,8,6,11,3,45,26,0,0,16,156,4,2,0,1,13,2,10,11,0,35,5,1,25,0,61,0
470,30-10-2020,Deceased,550,0,17,0,3,8,0,49,0,0,47,5,6,11,5,5,0,49,28,0,0,12,127,4,0,0,4,11,0,19,10,0,38,6,1,24,2,59,0
471,31-10-2020,Deceased,469,0,14,0,4,6,1,63,0,0,41,2,5,12,6,7,1,28,27,1,0,10,74,4,1,0,0,12,0,16,9,1,31,6,0,18,12,57,0
472,01-11-2020,Deceased,491,1,16,0,1,7,0,49,0,0,51,5,5,6,8,4,1,24,28,0,0,7,113,3,2,0,0,11,3,11,10,1,30,5,0,26,4,59,0
473,02-11-2020,Deceased,498,0,13,1,1,4,1,58,0,0,42,7,4,15,10,8,1,29,21,1,0,7,104,9,0,0,3,9,0,13,9,4,31,7,2,25,2,57,0
474,03-11-2020,Deceased,510,0,15,4,2,7,1,58,0,0,48,2,6,7,8,12,5,26,26,0,0,9,120,4,0,0,0,12,1,18,10,0,31,3,2,13,4,56,0
475,04-11-2020,Deceased,707,0,10,1,0,5,1,50,0,0,51,8,6,19,11,9,3,34,28,3,0,13,300,3,0,0,2,12,1,14,9,0,30,6,3,15,5,55,0
476,05-11-2020,Deceased,672,0,13,0,0,8,0,44,0,0,66,4,7,23,6,6,0,31,26,0,0,5,256,2,1,1,1,14,1,22,10,2,28,5,0,27,9,54,0
477,06-11-2020,Deceased,577,0,11,0,4,8,1,52,0,0,64,3,4,21,4,6,1,35,27,1,0,12,161,2,0,0,0,15,0,14,11,0,27,4,1,24,9,55,0
478,07-11-2020,Deceased,557,0,11,2,2,7,2,22,0,0,79,8,5,17,6,5,2,22,28,0,0,13,150,3,2,0,0,17,2,15,13,1,25,6,2,25,7,58,0
479,08-11-2020,Deceased,491,0,12,1,4,8,2,13,0,0,77,2,7,15,6,5,0,22,24,4,0,11,125,3,0,0,1,15,1,8,10,2,20,5,1,26,2,59,0
